time,2441169, 2441339, 2441480, 2441621, 2441762, 2441903, 2442372, 2442836, 2443302, 2443805, 2444271, 2444735, 2445201, 2445665, 2446130, 2446594, 2447060, 2447581, 2448046, 2448510, 2448974, 2449440, 2449904, 2450369, 2450833, 2451369, 2451834, 2452299, 2452763, 2453229, 2453693, 2454159, 2454623, 2455113, 2455577, 2456042, 2456506, 2456971, 2457436, 2457900, 2458366, 2458855, 2459321, 2459786, 2460252, 2460716, 2461182, 2461646, 2462112, 2462634, 2463100, 2463564, 2464029, 2464493, 2464957, 2465423, 2465888, 2466380, 2466845, 2467311, 2467775, 2468240, 2468704, 2469170, 2469634, 2470169, 2470633, 2471099, 2471563, 2472028, 2472492, 2472956, 2473422, 2473916, 2474382, 2474846, 2475312, 2475776, 2476241, 2476705, 2477171, 2477667, 2478133, 2478597, 2479063, 2479527, 2479991, 2480457, 2480921, 2481419, 2481884, 2482350, 2482814, 2483280, 2483744, 2484209, 2484673, 2485172, 2485636, 2486102, 2486566, 2487032, 2487497, 2487961, 2488427, 2488980, 2489446, 2489910, 2490376, 2490840, 2491307, 2491771, 2492236, 2492772, 2493238, 2493702, 2494167, 2494631, 2495097, 2495561, 2496027, 2496652, 2497119, 2497605, 2498070, 2498534, 2498998, 2499464, 2499929, 2500627, 2501093, 2501557, 2502022, 2502486, 2502950, 2503416, 2503880, 2504459, 2504924, 2505390, 2505854, 2506321, 2506785, 2507252, 2507716, 2508450, 2508914, 2509380, 2509844, 2510309, 2510773, 2511239, 2511703, 2512281, 2512746, 2513212, 2513676, 2514141, 2514605, 2515071, 2515535, 2516046, 2516510, 2516974, 2517440, 2517904, 2518369, 2518833, 2519299, 2519808, 2520274, 2520738, 2521203, 2521667, 2522132, 2522596, 2523062, 2523573, 2524038, 2524502, 2524966, 2525432, 2525896, 2526362, 2526826, 2527340, 2527805, 2528271, 2528735, 2529200, 2529664, 2530129, 2530593, 2531108, 2531572, 2532038, 2532502, 2532966, 2533432, 2533896, 2534362, 2534877, 2535342, 2535806, 2536272, 2536736, 2537202, 2537666, 2538131, 2538647, 2539113, 2539577, 2540042, 2540506, 2540970, 2541436, 2541900, 2542419, 2542884, 2543350, 2543814, 2544279, 2544743, 2545228, 2545692, 2546212, 2546676, 2547142, 2547606, 2548071, 2548535, 2548999, 2549466, 2550091, 2550555, 2551021, 2551485, 2551949, 2552414, 2552878, 2553344, 2554059, 2554523, 2554987, 2555453, 2555917, 2556383, 2556847, 2557314, 2558062, 2558527, 2558991, 2559458, 2559922, 2560388, 2560852, 2561319, 2561843, 2562308, 2562772, 2563238, 2563702, 2564167, 2564631, 2565097, 2565622, 2566087, 2566551, 2567017, 2567481, 2567945, 2568410, 2568874, 2569402, 2569866, 2570332, 2570796, 2571262, 2571726, 2572191, 2572655, 2573184, 2573649, 2574115, 2574579, 2575045, 2575509, 2575973, 2576479, 2577009, 2577473, 2577937, 2578402, 2578867, 2579332, 2579796, 2580261, 2580791, 2581257, 2581721, 2582187, 2582651, 2583117, 2583581, 2584045, 2584577, 2585043, 2585507, 2585972, 2586437, 2586901, 2587367, 2587832, 2588365, 2588830, 2589296, 2589761, 2590226, 2590691, 2591156, 2591620, 2592155, 2592619, 2593085, 2593549, 2594015, 2594479, 2594943, 2595408, 2595943, 2596409, 2596874, 2597358, 2597822, 2598287, 2598751, 2599218, 2599754, 2600220, 2600684, 2601150, 2601614, 2602098, 2602562, 2603028, 2603565, 2604031, 2604495, 2604960, 2605426, 2605891, 2606356, 2606821, 2607361, 2607825, 2608290, 2608754, 2609220, 2609684, 2610149, 2610613, 2611155, 2611619, 2612084, 2612548, 2613014, 2613478, 2613942, 2614407, 2614949, 2615415, 2615879, 2616344, 2616808, 2617275, 2617739, 2618205, 2618748, 2619216, 2619680, 2620145, 2620609, 2621075, 2621539, 2622005, 2622549, 2623015, 2623479, 2623943, 2624408, 2624873, 2625338, 2625802, 2626348, 2626812, 2627278, 2627742, 2628207, 2628690, 2629156, 2629620, 2630168, 2630632, 2631098, 2631562, 2632028, 2632492, 2632956, 2633422, 2633970, 2634437, 2634901, 2635367, 2635831, 2636296, 2636760, 2637226, 2637775, 2638241, 2638705, 2639172, 2639655, 2640120, 2640584, 2641048, 2641599, 2642065, 2642529, 2642993, 2643459, 2643923, 2644389, 2644853, 2645407, 2645871, 2646336, 2646800, 2647266, 2647730, 2648195, 2648659, 2649213, 2649678, 2650143, 2650607, 2651073, 2651537, 2652002, 2652466, 2653023, 2653487, 2653952, 2654417, 2654881, 2655347, 2655830, 2656295, 2656852, 2657317, 2657781, 2658247, 2658711, 2659177, 2659641, 2660107, 2660664, 2661130, 2661594, 2662060, 2662524, 2662988, 2663454, 2663918, 2664477, 2664942, 2665408, 2665872, 2666337, 2666801, 2667267, 2667732, 2668292, 2668756, 2669222, 2669686, 2670171, 2670635, 2671101, 2671565, 2672309, 2672773, 2673239, 2673703, 2674169, 2674633, 2675099, 2675563, 2676497, 2676961, 2677427
left_position,0, 0, 0, 0, 0, 0, 0, 0, 0, 0, 0, 0, 1, 2, 3, 4, 6, 8, 11, 14, 18, 22, 27, 32, 37, 43, 50, 57, 65, 74, 84, 94, 105, 117, 130, 144, 158, 173, 189, 206, 224, 243, 263, 284, 306, 329, 353, 378, 404, 431, 460, 489, 520, 552, 585, 619, 655, 692, 730, 769, 810, 852, 895, 940, 986, 1034, 1083, 1133, 1185, 1238, 1293, 1349, 1407, 1466, 1527, 1589, 1653, 1718, 1785, 1854, 1924, 1996, 2069, 2144, 2221, 2299, 2379, 2461, 2545, 2630, 2717, 2806, 2897, 2989, 3083, 3179, 3277, 3377, 3478, 3581, 3686, 3793, 3902, 4013, 4126, 4241, 4358, 4477, 4598, 4721, 4846, 4973, 5102, 5233, 5366, 5501, 5638, 5777, 5918, 6061, 6207, 6355, 6505, 6657, 6811, 6968, 7127, 7288, 7451, 7617, 7785, 7955, 8128, 8303, 8480, 8659, 8840, 9024, 9210, 9398, 9588, 9781, 9976, 10173, 10373, 10576, 10781, 10989, 11198, 11410, 11624, 11841, 12060, 12282, 12506, 12732, 12961, 13192, 13425, 13661, 13899, 14140, 14383, 14628, 14876, 15126, 15379, 15634, 15891, 16151, 16413, 16678, 16945, 17214, 17486, 17760, 18037, 18317, 18599, 18884, 19171, 19460, 19752, 20046, 20343, 20643, 20945, 21250, 21557, 21866, 22178, 22492, 22809, 23129, 23451, 23776, 24103, 24432, 24764, 25098, 25435, 25775, 26117, 26462, 26809, 27159, 27512, 27867, 28224, 28584, 28947, 29312, 29680, 30050, 30423, 30798, 31176, 31557, 31940, 32326, 32715, 33106, -32036, -31640, -31241, -30840, -30436, -30029, -29620, -29208, -28794, -28377, -27957, -27534, -27109, -26681, -26250, -25817, -25381, -24943, -24501, -24056, -23608, -23158, -22705, -22250, -21792, -21331, -20867, -20400, -19930, -19457, -18982, -18504, -18023, -17540, -17055, -16566, -16075, -15581, -15084, -14585, -14083, -13578, -13071, -12561, -12048, -11533, -11015, -10494, -9971, -9445, -8916, -8385, -7851, -7314, -6775, -6233, -5688, -5141, -4591, -4038, -3482, -2924, -2363, -1799, -1233, -664, -92, 483, 1060, 1640, 2223, 2808, 3396, 3987, 4580, 5176, 5775, 6377, 6982, 7589, 8199, 8811, 9426, 10044, 10665, 11288, 11914, 12543, 13174, 13808, 14445, 15085, 15727, 16372, 17020, 17670, 18323, 18979, 19638, 20300, 20965, 21632, 22302, 22975, 23650, 24327, 25008, 25692, 26378, 27067, 27759, 28453, 29150, 29850, 30553, 31259, 31968, 32679, 33392, -31427, -30708, -29986, -29261, -28533, -27803, -27070, -26334, -25595, -24854, -24110, -23363, -22613, -21860, -21105, -20347, -19586, -18823, -18057, -17288, -16516, -15741, -14964, -14184, -13401, -12616, -11828, -11037, -10243, -9446, -8646, -7844, -7039, -6231, -5420, -4607, -3790, -2971, -2149, -1324, -496, 334, 1167, 2003, 2842, 3684, 4529, 5376, 6226, 7079, 7935, 8793, 9654, 10518, 11385, 12254, 13126, 14001, 14879, 15760, 16644, 17531, 18420, 19312, 20207, 21105, 22006, 22909, 23815, 24724, 25636, 26551, 27468, 28388, 29311, 30237, 31166, 32098, 33032, -31566, -30626, -29683, -28738, -27789, -26837, -25883, -24926, -23966, -23003, -22038, -21070, -20099, -19125, -18148, -17168, -16186, -15201, -14213, -13222, -12228, -11231, -10231, -9229, -8224, -7216, -6206, -5193, -4177, -3158, -2136, -1111, -83, 947, 1980, 3016, 4055, 5097, 6142, 7190, 8240, 9293, 10349, 11408, 12469, 13534, 14602, 15672, 16745, 17821, 18900, 19981, 21066, 22154, 23244, 24337, 25433, 26532, 27633, 28737, 29844, 30954, 32067, 33183, -31233, -30112, -28988, -27861, -26731, -25597, -24460, -23320, -22177, -21032, -19884, -18733, -17578, -16419, -15257, -14092
right_position,0, 0, 0, 0, 0, 230, 460, 690, 920, 1150, 1381, 1612, 1843, 2075, 2307, 2539, 2771, 3004, 3237, 3470, 3704, 3939, 4174, 4409, 4645, 4882, 5119, 5357, 5596, 5835, 6075, 6316, 6557, 6799, 7042, 7286, 7530, 7775, 8021, 8268, 8516, 8765, 9015, 9266, 9518, 9771, 10025, 10280, 10536, 10793, 11051, 11310, 11570, 11831, 12094, 12358, 12623, 12889, 13157, 13425, 13694, 13965, 14237, 14510, 14785, 15061, 15339, 15618, 15898, 16179, 16462, 16747, 17033, 17321, 17610, 17900, 18192, 18485, 18780, 19076, 19374, 19674, 19975, 20278, 20582, 20888, 21195, 21504, 21815, 22128, 22442, 22758, 23075, 23394, 23715, 24038, 24362, 24688, 25016, 25345, 25676, 26009, 26344, 26681, 27020, 27361, 27704, 28049, 28396, 28744, 29094, 29446, 29800, 30156, 30514, 30874, 31236, 31600, 31966, 32334, 32704, 33076, -32085, -31709, -31330, -30950, -30567, -30182, -29795, -29406, -29014, -28620, -28224, -27826, -27426, -27024, -26620, -26213, -25804, -25393, -24980, -24565, -24148, -23728, -23306, -22881, -22454, -22024, -21592, -21158, -20722, -20284, -19843, -19400, -18954, -18506, -18056, -17604, -17149, -16692, -16233, -15772, -15308, -14842, -14374, -13903, -13430, -12955, -12478, -11998, -11516, -11032, -10545, -10056, -9564, -9070, -8574, -8075, -7574, -7070, -6564, -6056, -5545, -5032, -4516, -3998, -3478, -2955, -2430, -1902, -1372, -840, -305, 232, 772, 1314, 1859, 2406, 2956, 3508, 4063, 4620, 5180, 5742, 6307, 6874, 7443, 8015, 8590, 9167, 9747, 10329, 10914, 11501, 12091, 12683, 13278, 13876, 14476, 15079, 15684, 16292, 16903, 17516, 18132, 18751, 19372, 19996, 20622, 21251, 21882, 22516, 23153, 23793, 24436, 25081, 25729, 26379, 27032, 27688, 28347, 29009, 29674, 30341, 31011, 31684, 32360, 33038, -31816, -31131, -30443, -29753, -29060, -28364, -27666, -26965, -26261, -25554, -24845, -24133, -23418, -22701, -21981, -21259, -20534, -19806, -19075, -18342, -17606, -16867, -16126, -15382, -14635, -13886, -13134, -12379, -11622, -10862, -10099, -9334, -8566, -7795, -7022, -6246, -5467, -4685, -3901, -3114, -2324, -1531, -736, 62, 863, 1666, 2472, 3280, 4091, 4905, 5722, 6542, 7364, 8189, 9016, 9846, 10679, 11515, 12354, 13195, 14039, 14885, 15734, 16586, 17440, 18297, 19157, 20020, 20885, 21753, 22624, 23497, 24373, 25252, 26133, 27017, 27904, 28793, 29685, 30580, 31477, 32377, 33280, -31350, -30442, -29531, -28617, -27701, -26782, -25860, -24935, -24008, -23078, -22145, -21210, -20272, -19332, -18389, -17443, -16494, -15542, -14588, -13631, -12672, -11710, -10745, -9777, -8806, -7833, -6857, -5879, -4898, -3914, -2927, -1938, -946, 49, 1046, 2046, 3048, 4053, 5061, 6072, 7085, 8101, 9120, 10141, 11165, 12192, 13222, 14254, 15289, 16326, 17366, 18409, 19455, 20503, 21554, 22608, 23665, 24724, 25786, 26851, 27918, 28988, 30061, 31137, 32215, 33296, -31155, -30069, -28980, -27888, -26793, -25696, -24596, -23493, -22388, -21280, -20169, -19056, -17940, -16821, -15700, -14576, -13449, -12320, -11188, -10053, -8915, -7775, -6632, -5486, -4338, -3187, -2033, -877, 282, 1444, 2609, 3777, 4947, 6120, 7295, 8473, 9654, 10838, 12025, 13214, 14406, 15600, 16797, 17997, 19200, 20405, 21613, 22824, 24037, 25253, 26472, 27693, 28918, 30145, 31375, 32607, 33842, -30455, -29215, -27972, -26726, -25477, -24225, -22971, -21714, -20454, -19192, -17927, -16659, -15388, -14115, -12839, -11560, -10279, -8995, -7708, -6419, -5127, -3832, -2534, -1234, 69, 1374, 2682, 3993, 5307, 6624, 7943, 9265, 10589, 11916, 13246, 14580, 15917, 17256, 18598, 19943, 21290, 22640, 23994, 25352, 26712, 28075

¿=‡ˇ A C@E`GÄI†K¿M‡O Q S@U`WÄˇØ\ˇ]‡_ a c@e`gÄi†k¿m‡o q ˇOu`wÄy†{¿}‡ Å É@Ö`áÄâ†ãˇç‡è 	ë 	ì@	ï`	óÄ	ô†	õ¿	ù‡	ü 
° 
£@
ˇo
ßÄ
©†
´¿
≠‡
Ø ± ≥@µ`∑Äπ†ª¿Ωˇø ¡ √@≈`«Ä…†À¿Õ‡œ — ”@’`ˇèŸ†€¿›‡ﬂ · „@Â`ÁÄÈ†Î¿Ì‡ÔˇÒ Û@ı`˜Ä˘†˚¿˝‡ˇ !AaÅˇØ¡·!AaÅ°¡·!Òˇ                                                                             13, -11027, -10039, -9048, -8054, -7057, -6058, -5056, -4051, -3043, -2033, -1020, -4, 1015, 2036, 3060, 4087, 5116, 6148, 7183, 8220, 9260, 10303, 11349, 12397, 13448, 14502, 15558, 16617, 17679, 18744, 19811, 20881, 21953, 23028, 24106, 25187, 26271, 27357, 28446, 29538, 30633, 31730, 32830, -31602, -30495, -29386, -28274, -27159, -26042, -24922, -23799, -22672, -21541, -20408, -19272

